ID,desc,block,room
335545147,Unidad Toshiba VRF Pleiades (02.ED136.B1.0.058),B,B1.0.058
335545149,Unidad Toshiba VRF Pleiades (02.ED136.B1.0.058),B,B1.0.058
335545143,Unidad Toshiba VRF Pleiades (02.ED136.B1.0.059),B,B1.0.059
335545163,Unidad Toshiba VRF Pleiades (02.ED136.B1.0.047),B,B1.0.047
335545165,Unidad Toshiba VRF Pleiades (02.ED136.B1.0.047),B,B1.0.047
335545161,Unidad Toshiba VRF Pleiades (02.ED136.B1.0.051),B,B1.0.051
335545155,Unidad Toshiba VRF Pleiades (02.ED136.B1.0.050),B,B1.0.050
335545153,Unidad Toshiba VRF Pleiades (02.ED136.B1.0.051.1),B,B1.0.051.1
335545159,Unidad Toshiba VRF Pleiades (02.ED136.B1.0.051.1),B,B1.0.051.1
335545151,Unidad Toshiba VRF Pleiades (02.ED136.B1.0.052),B,B1.0.052
335545157,Unidad Toshiba VRF Pleiades (02.ED136.B1.0.055),B,B1.0.055
335545203,Unidad Toshiba VRF Pleiades (02.ED136.B1.1.014),B,B1.1.014
335545205,Unidad Toshiba VRF Pleiades (02.ED136.B1.1.015),B,B1.1.015
335545201,Unidad Toshiba VRF Pleiades (02.ED136.B1.1.016),B,B1.1.016
335545197,Unidad Toshiba VRF Pleiades (02.ED136.B1.1.017),B,B1.1.017
335545199,Unidad Toshiba VRF Pleiades (02.ED136.B1.1.017),B,B1.1.017
335545217,Unidad Toshiba VRF Pleiades (02.ED136.B1.2.019),B,B1.2.019
335545219,Unidad Toshiba VRF Pleiades (02.ED136.B1.2.020),B,B1.2.020
335545213,Unidad Toshiba VRF Pleiades (02.ED136.B1.2.013),B,B1.2.013
335545215,Unidad Toshiba VRF Pleiades (02.ED136.B1.2.014),B,B1.2.014
335545207,Unidad Toshiba VRF Pleiades (02.ED136.B1.2.015),B,B1.2.015
335545209,Unidad Toshiba VRF Pleiades (02.ED136.B1.2.016),B,B1.2.016
335545211,Unidad Toshiba VRF Pleiades (02.ED136.B1.2.016),B,B1.2.016
335545193,Unidad Toshiba VRF Pleiades (02.ED136.B1.1.049),C,B1.1.049
335545193,Unidad Toshiba VRF Pleiades (02.ED136.B1.1.047),C,B1.1.047
335545191,Unidad Toshiba VRF Pleiades (02.ED136.B1.1.046),C,B1.1.046
335545189,Unidad Toshiba VRF Pleiades (02.ED136.B1.1.045),C,B1.1.045
335545187,Unidad Toshiba VRF Pleiades (02.ED136.B1.1.044),C,B1.1.044
335545183,Unidad Toshiba VRF Pleiades (02.ED136.B1.1.043),C,B1.1.043
335545177,Unidad Toshiba VRF Pleiades (02.ED136.B1.1.042),C,B1.1.042
335545181,Unidad Toshiba VRF Pleiades (02.ED136.B1.1.041.3),C,B1.1.041.3
335545179,Unidad Toshiba VRF Pleiades (02.ED136.B1.1.041.2),C,B1.1.041.2
335545185,Unidad Toshiba VRF Pleiades (02.ED136.B1.1.041.1),C,B1.1.041.1
335545167,Unidad Toshiba VRF Pleiades (02.ED136.B1.0.026),C,B1.0.026
335545169,Unidad Toshiba VRF Pleiades (02.ED136.B1.0.026),C,B1.0.026
335545171,Unidad Toshiba VRF Pleiades (02.ED136.B1.0.025),C,B1.0.025
335545175,Unidad Toshiba VRF Pleiades (02.ED136.B1.0.011),C,B1.0.011
335545173,Unidad Toshiba VRF Pleiades (02.ED136.B1.0.024),C,B1.0.024
335545141,Unidad Toshiba VRF Pleiades (02.ED136.B1.0.000),A,B1.0.000
335545231,Unidad Toshiba VRF Pleiades (02.ED136.B1.1.010),A,B1.1.010
335545233,Unidad Toshiba VRF Pleiades (02.ED136.B1.1.009),A,B1.1.009
335545239,Unidad Toshiba VRF Pleiades (02.ED136.B1.1.023),A,B1.1.023
335545235,Unidad Toshiba VRF Pleiades (02.ED136.B1.1.024),A,B1.1.024
335545237,Unidad Toshiba VRF Pleiades (02.ED136.B1.1.025),A,B1.1.025
335545221,Unidad Toshiba VRF Pleiades (02.ED136.B1.1.008),A,B1.1.008
335545223,Unidad Toshiba VRF Pleiades (02.ED136.B1.1.007),A,B1.1.007
335545225,Unidad Toshiba VRF Pleiades (02.ED136.B1.1.006),A,B1.1.006
335545227,Unidad Toshiba VRF Pleiades (02.ED136.B1.1.026),A,B1.1.026
335545229,Unidad Toshiba VRF Pleiades (02.ED136.B1.1.027),A,B1.1.027
335545245,Unidad Toshiba VRF Pleiades (02.ED136.B1.2.008),A,B1.2.008
335545241,Unidad Toshiba VRF Pleiades (02.ED136.B1.2.008.1),A,B1.2.008.1
335545243,Unidad Toshiba VRF Pleiades (02.ED136.B1.2.007.1),A,B1.2.007.1
335545251,Unidad Toshiba VRF Pleiades (02.ED136.B1.2.024),A,B1.2.024
335545253,Unidad Toshiba VRF Pleiades (02.ED136.B1.2.025),A,B1.2.025
335545255,Unidad Toshiba VRF Pleiades (02.ED136.B1.2.026.1),A,B1.2.026.1
335545249,Unidad Toshiba VRF Pleiades (02.ED136.B1.2.026),A,B1.2.026
335545247,Unidad Toshiba VRF Pleiades (02.ED136.B1.2.026.2),A,B1.2.026.2
335545257,Unidad Toshiba VRF Pleiades (02.ED136.B1.2.007),A,B1.2.007
335545259,Unidad Toshiba VRF Pleiades (02.ED136.B1.2.006),A,B1.2.006
335545263,Unidad Toshiba VRF Pleiades (02.ED136.B1.2.027),A,B1.2.027
335545261,Unidad Toshiba VRF Pleiades (02.ED136.B1.2.027.2),A,B1.2.027.2
335545265,Unidad Toshiba VRF Pleiades (02.ED136.B1.2.027.1),A,B1.2.027.1
335545267,Unidad Toshiba VRF Pleiades (02.ED136.B1.2.028.1),A,B1.2.028.1
335545269,Unidad Toshiba VRF Pleiades (02.ED136.B1.2.028),A,B1.2.028
335545277,Unidad Toshiba VRF Pleiades (02.ED136.B1.3.010),A,B1.3.010
335545279,Unidad Toshiba VRF Pleiades (02.ED136.B1.3.009),A,B1.3.009
335545281,Unidad Toshiba VRF Pleiades (02.ED136.B1.3.008),A,B1.3.008
335545271,Unidad Toshiba VRF Pleiades (02.ED136.B1.3.014),A,B1.3.014
335545275,Unidad Toshiba VRF Pleiades (02.ED136.B1.3.013),A,B1.3.013
335545273,Unidad Toshiba VRF Pleiades (02.ED136.B1.3.014),A,B1.3.014
335545283,Unidad Toshiba VRF Pleiades (02.ED136.B1.3.007),A,B1.3.007
335545285,Unidad Toshiba VRF Pleiades (02.ED136.B1.3.006),A,B1.3.006
335545287,Unidad Toshiba VRF Pleiades (02.ED136.B1.3.015),A,B1.3.015
335545293,Unidad Toshiba VRF Pleiades (02.ED136.B1.3.018.1),A,B1.3.018.1
335545289,Unidad Toshiba VRF Pleiades (02.ED136.B1.3.018.3),A,B1.3.018.3
335545291,Unidad Toshiba VRF Pleiades (02.ED136.B1.3.018.2),A,B1.3.018.2
335545301,Unidad Toshiba VRF Pleiades (02.ED136.B1.4.010),A,B1.4.010
335545295,Unidad Toshiba VRF Pleiades (02.ED136.B1.4.009),A,B1.4.009
335545297,Unidad Toshiba VRF Pleiades (02.ED136.B1.4.008),A,B1.4.008
335545299,Unidad Toshiba VRF Pleiades (02.ED136.B1.4.007),A,B1.4.007
335545303,Unidad Toshiba VRF Pleiades (02.ED136.B1.4.013),A,B1.4.013
335545305,Unidad Toshiba VRF Pleiades (02.ED136.B1.4.014),A,B1.4.014
335545307,Unidad Toshiba VRF Pleiades (02.ED136.B1.4.015),A,B1.4.015
335545309,Unidad Toshiba VRF Pleiades (02.ED136.B1.4.006),A,B1.4.006
335545311,Unidad Toshiba VRF Pleiades (02.ED136.B1.4.006),A,B1.4.006
335545313,Unidad Toshiba VRF Pleiades (02.ED136.B1.4.016),A,B1.4.016
335545315,Unidad Toshiba VRF Pleiades (02.ED136.B1.4.017),A,B1.4.017
